id_municipio,uf,municipio,longitude,latitude
1344,MG,Abadia dos Dourados,-47.391623,-18.483101
1345,MG,Abaeté,-45.444413,-19.155125
1346,MG,Abre Campo,-42.474304,-20.299647
1347,MG,Acaiaca,-43.143867,-20.359034
1351,MG,Aguanil,-45.391456,-20.943942
1354,MG,Aimorés,-41.074651,-19.500684
1355,MG,Aiuruoca,-44.604212,-21.973608
1356,MG,Alagoa,-44.641344,-22.170976
1357,MG,Albertina,-46.613912,-22.201775
1359,MG,Alfenas,-45.947727,-21.425629
1360,MG,Alfredo Vasconcelos,-43.771767,-21.153521
1361,MG,Almenara,-40.694163,-16.178459
1362,MG,Alpercata,-41.969998,-18.973994
1363,MG,Alpinópolis,-46.387797,-20.863059
1364,MG,Alterosa,-46.138666,-21.248752
1365,MG,Alto Caparaó,-41.873772,-20.43098
1366,MG,Alto Jequitibá,-41.966988,-20.420845
1367,MG,Alto Rio Doce,-43.406683,-21.028122
1368,MG,Alvarenga,-41.73174,-19.417403
1369,MG,Alvinópolis,-43.053487,-20.109771
1370,MG,Alvorada de Minas,-43.363807,-18.733362
1358,MG,Além Paraíba,-42.717588,-21.879703
1371,MG,Amparo da Serra,-42.800868,-20.505068
1372,MG,Andradas,-46.572372,-22.069487
1373,MG,Andrelândia,-44.31169,-21.741088
1374,MG,Angelândia,-42.264123,-17.727938
1375,MG,Antônio Carlos,-43.74513,-21.321031
1376,MG,Antônio Dias,-42.873243,-19.649096
1377,MG,Antônio Prado de Minas,-42.110937,-21.019183
1379,MG,Aracitaba,-43.37362,-21.344619
1381,MG,Araguari,-48.193392,-18.645575
1382,MG,Arantina,-44.255519,-21.910171
1383,MG,Araponga,-42.51785,-20.668608
1384,MG,Araporã,-49.184746,-18.435727
1385,MG,Arapuá,-46.148403,-19.026816
1387,MG,Araxá,-46.943804,-19.590176
1378,MG,Araçaí,-44.249309,-19.195507
1380,MG,Araçuaí,-42.0637,-16.85232
1386,MG,Araújos,-45.167115,-19.940519
1388,MG,Arceburgo,-46.940056,-21.358984
1389,MG,Arcos,-45.537345,-20.286333
1390,MG,Areado,-46.142071,-21.357186
1391,MG,Argirita,-42.829162,-21.60827
1392,MG,Aricanduva,-42.553263,-17.866642
1393,MG,Arinos,-46.104324,-15.918743
1394,MG,Astolfo Dutra,-42.857204,-21.318439
1395,MG,Ataléia,-41.114901,-18.043805
1396,MG,Augusto de Lima,-44.265523,-18.099714
1348,MG,Açucena,-42.541881,-19.067105
1397,MG,Baependi,-44.887426,-21.956994
1398,MG,Baldim,-43.961331,-19.283197
1399,MG,Bambuí,-45.97537,-20.016618
1400,MG,Bandeira,-40.562163,-15.878315
1401,MG,Bandeira do Sul,-46.383347,-21.730798
1404,MG,Barbacena,-43.770266,-21.221446
1405,MG,Barra Longa,-43.040168,-20.286866
1406,MG,Barroso,-43.972039,-21.190659
1402,MG,Barão de Cocais,-43.475524,-19.938943
1403,MG,Barão de Monte Alto,-42.237185,-21.244403
1407,MG,Bela Vista de Minas,-43.092164,-19.83021
1408,MG,Belmiro Braga,-43.408419,-21.943992
1409,MG,Belo Horizonte,-43.926572,-19.910183
1410,MG,Belo Oriente,-42.482795,-19.219906
1411,MG,Belo Vale,-44.027462,-20.407725
1412,MG,Berilo,-42.46062,-16.95669
1413,MG,Berizal,-41.743202,-15.610028
1414,MG,Bertópolis,-40.579973,-17.059009
1415,MG,Betim,-44.200775,-19.966827
1416,MG,Bias Fortes,-43.757366,-21.601961
1417,MG,Bicas,-43.055958,-21.723164
1418,MG,Biquinhas,-45.497372,-18.77541
1419,MG,Boa Esperança,-45.561203,-21.092723
1420,MG,Bocaina de Minas,-44.397181,-22.169687
1421,MG,Bocaiúva,-43.810433,-17.113544
1422,MG,Bom Despacho,-45.262167,-19.738621
1423,MG,Bom Jardim de Minas,-44.188498,-21.947875
1424,MG,Bom Jesus da Penha,-46.517369,-21.014786
1425,MG,Bom Jesus do Amparo,-43.478225,-19.70543
1426,MG,Bom Jesus do Galho,-42.316472,-19.836006
1427,MG,Bom Repouso,-46.144036,-22.467494
1428,MG,Bom Sucesso,-44.753745,-21.032875
1429,MG,Bonfim,-44.236565,-20.330215
1430,MG,Bonfinópolis de Minas,-45.983859,-16.568034
1431,MG,Bonito de Minas,-44.754267,-15.323129
1432,MG,Borda da Mata,-46.165349,-22.270701
1433,MG,Botelhos,-46.391006,-21.641157
1434,MG,Botumirim,-43.008578,-16.865741
1435,MG,Brasilândia de Minas,-46.00811,-16.999868
1436,MG,Brasília de Minas,-44.429897,-16.210382
1437,MG,Brasópolis,-45.612995,-22.470019
1439,MG,Braúnas,-42.709896,-19.05616
1440,MG,Brumadinho,-44.200675,-20.150989
1438,MG,Brás Pires,-43.240556,-20.841912
1441,MG,Bueno Brandão,-46.349102,-22.438321
1442,MG,Buenópolis,-44.177504,-17.874432
1443,MG,Bugre,-42.255184,-19.423063
1444,MG,Buritis,-46.422078,-15.621802
1445,MG,Buritizeiro,-44.960581,-17.365588
1446,MG,Cabeceira Grande,-47.086153,-16.03351
1447,MG,Cabo Verde,-46.391857,-21.469945
1451,MG,Cachoeira Dourada,-49.503876,-18.516147
1448,MG,Cachoeira da Prata,-44.454383,-19.520967
1449,MG,Cachoeira de Minas,-45.780866,-22.351107
1450,MG,Cachoeira de Pajeú,-41.494766,-15.968828
1452,MG,Caetanópolis,-44.418871,-19.297075
1453,MG,Caeté,-43.670353,-19.88261
1454,MG,Caiana,-41.929208,-20.695579
1455,MG,Cajuri,-42.792504,-20.790301
1456,MG,Caldas,-46.384314,-21.918309
1457,MG,Camacho,-45.159327,-20.629367
1458,MG,Camanducaia,-46.149444,-22.751534
1460,MG,Cambuquira,-45.289572,-21.853985
1459,MG,Cambuí,-46.057228,-22.611537
1462,MG,Campanha,-45.400394,-21.835977
1461,MG,Campanário,-41.735506,-18.24271
1463,MG,Campestre,-46.23808,-21.707874
1464,MG,Campina Verde,-49.486247,-19.53815
1465,MG,Campo Azul,-44.809624,-16.502805
1466,MG,Campo Belo,-45.269892,-20.893182
1468,MG,Campo Florido,-48.571623,-19.763085
1467,MG,Campo do Meio,-45.827333,-21.112735
1469,MG,Campos Altos,-46.172545,-19.691378
1470,MG,Campos Gerais,-45.7569,-21.237025
1473,MG,Cana Verde,-45.180062,-21.023207
1471,MG,Canaã,-42.616676,-20.686889
1474,MG,Candeias,-45.276465,-20.769222
1475,MG,Cantagalo,-42.622259,-18.524772
1472,MG,Canápolis,-49.20355,-18.721229
1476,MG,Caparaó,-41.906063,-20.528897
1477,MG,Capela Nova,-43.621961,-20.917906
1478,MG,Capelinha,-42.514705,-17.688792
1479,MG,Capetinga,-47.057141,-20.616314
1480,MG,Capim Branco,-44.130351,-19.547067
1481,MG,Capinópolis,-49.570618,-18.686221
1482,MG,Capitão Andrade,-41.861414,-19.074835
1483,MG,Capitão Enéas,-43.708443,-16.32654
1484,MG,Capitólio,-46.049257,-20.616373
1485,MG,Caputira,-42.26832,-20.170342
1487,MG,Caranaíba,-43.741716,-20.870663
1488,MG,Carandaí,-43.811002,-20.956604
1489,MG,Carangola,-42.031348,-20.734348
1490,MG,Caratinga,-42.129217,-19.786805
1486,MG,Caraí,-41.700359,-17.186161
1491,MG,Carbonita,-43.013688,-17.525492
1492,MG,Careaçu,-45.696011,-22.042379
1493,MG,Carlos Chagas,-40.772276,-17.697335
1495,MG,Carmo da Cachoeira,-45.220065,-21.463291
1496,MG,Carmo da Mata,-44.8735,-20.557532
1497,MG,Carmo de Minas,-45.13069,-22.120366
1498,MG,Carmo do Cajuru,-44.76643,-20.19117
1499,MG,Carmo do Paranaíba,-46.316735,-18.990952
1500,MG,Carmo do Rio Claro,-46.114925,-20.973609
1494,MG,Carmésia,-43.138248,-19.087718
1501,MG,Carmópolis de Minas,-44.633558,-20.539562
1502,MG,Carneirinho,-50.689441,-19.698701
1503,MG,Carrancas,-44.64457,-21.489765
1505,MG,Carvalhos,-44.463164,-22.000003
1504,MG,Carvalhópolis,-45.842127,-21.773534
1506,MG,Casa Grande,-43.934306,-20.792521
1507,MG,Cascalho Rico,-47.871643,-18.577169
1509,MG,Cataguases,-42.689647,-21.39239
1510,MG,Catas Altas,-43.406115,-20.073403
1511,MG,Catas Altas da Noruega,-43.493876,-20.690073
1512,MG,Catuji,-41.52764,-17.301807
1513,MG,Catuti,-42.962704,-15.361574
1514,MG,Caxambu,-44.931855,-21.975253
1515,MG,Cedro do Abaeté,-45.711994,-19.145767
1516,MG,Central de Minas,-41.314331,-18.761195
1517,MG,Centralina,-49.201397,-18.585217
1519,MG,Chalé,-41.689714,-20.045328
1521,MG,Chapada Gaúcha,-45.611616,-15.301373
1520,MG,Chapada do Norte,-42.539187,-17.088119
1522,MG,Chiador,-43.061671,-21.999572
1518,MG,Chácara,-43.21499,-21.673256
1523,MG,Cipotânea,-43.362904,-20.902598
1524,MG,Claraval,-47.276828,-20.397011
1525,MG,Claro dos Poções,-44.206097,-17.08203
1526,MG,Cláudio,-44.767332,-20.443672
1527,MG,Coimbra,-42.800807,-20.853505
1528,MG,Coluna,-42.835185,-18.23108
1529,MG,Comendador Gomes,-49.078894,-19.697342
1530,MG,Comercinho,-41.794536,-16.296258
1531,MG,Conceição da Aparecida,-46.20491,-21.096024
1532,MG,Conceição da Barra de Minas,-44.472901,-21.131558
1533,MG,Conceição das Alagoas,-48.38394,-19.917155
1534,MG,Conceição das Pedras,-45.456238,-22.157647
1535,MG,Conceição de Ipanema,-41.690756,-19.932584
1536,MG,Conceição do Mato Dentro,-43.422082,-19.03441
1537,MG,Conceição do Pará,-44.894511,-19.745599
1538,MG,Conceição do Rio Verde,-45.08703,-21.877836
1539,MG,Conceição dos Ouros,-45.799599,-22.407845
1541,MG,Confins,-43.993148,-19.628183
1542,MG,Congonhal,-46.043031,-22.148753
1543,MG,Congonhas,-43.851012,-20.495844
1544,MG,Congonhas do Norte,-43.67672,-18.802053
1545,MG,Conquista,-47.549196,-19.931182
1546,MG,Conselheiro Lafaiete,-43.784609,-20.663445
1547,MG,Conselheiro Pena,-41.473554,-19.178914
1548,MG,Consolação,-45.925459,-22.54929
1549,MG,Contagem,-44.05392,-19.932079
1550,MG,Coqueiral,-45.436568,-21.185757
1551,MG,Coração de Jesus,-44.363517,-16.684067
1552,MG,Cordisburgo,-44.322415,-19.122393
1553,MG,Cordislândia,-45.699879,-21.789099
1554,MG,Corinto,-44.454181,-18.368967
1555,MG,Coroaci,-42.279099,-18.61557
1556,MG,Coromandel,-47.193348,-18.473364
1557,MG,Coronel Fabriciano,-42.627585,-19.517879
1558,MG,Coronel Murta,-42.183952,-16.614847
1559,MG,Coronel Pacheco,-43.255989,-21.589751
1560,MG,Coronel Xavier Chaves,-44.2206,-21.027724
1565,MG,Couto de Magalhães de Minas,-43.464821,-18.07272
1567,MG,Cristais,-45.516727,-20.87328
1569,MG,Cristiano Otoni,-43.816552,-20.832421
1570,MG,Cristina,-45.267266,-22.207982
1568,MG,Cristália,-42.85712,-16.716014
1566,MG,Crisólita,-40.918392,-17.238124
1571,MG,Crucilândia,-44.333425,-20.392314
1572,MG,Cruzeiro da Fortaleza,-46.666891,-18.944029
1573,MG,Cruzília,-44.806678,-21.839985
1574,MG,Cuparaque,-41.098621,-18.964827
1575,MG,Curral de Dentro,-41.855684,-15.932709
1576,MG,Curvelo,-44.430259,-18.752731
1508,MG,Cássia,-46.920122,-20.583061
1561,MG,Córrego Danta,-45.903228,-19.819775
1563,MG,Córrego Fundo,-45.561742,-20.447422
1564,MG,Córrego Novo,-42.398816,-19.836096
1562,MG,Córrego do Bom Jesus,-46.024113,-22.626882
1540,MG,Cônego Marinho,-44.418059,-15.289172
1577,MG,Datas,-43.659085,-18.447761
1578,MG,Delfim Moreira,-45.279231,-22.503632
1579,MG,Delfinópolis,-46.845554,-20.34677
1580,MG,Delta,-47.78408,-19.972143
1581,MG,Descoberto,-42.961766,-21.45999
1582,MG,Desterro de Entre Rios,-44.333388,-20.66504
1583,MG,Desterro do Melo,-43.517834,-21.142995
1584,MG,Diamantina,-43.603099,-18.241315
1585,MG,Diogo de Vasconcelos,-43.195253,-20.487903
1586,MG,Dionísio,-42.770087,-19.843252
1588,MG,Divino,-42.143801,-20.613405
1589,MG,Divino das Laranjeiras,-41.478081,-18.775491
1590,MG,Divinolândia de Minas,-42.610345,-18.80038
1587,MG,Divinésia,-43.000263,-20.991709
1591,MG,Divinópolis,-44.891223,-20.144646
1592,MG,Divisa Alegre,-41.346291,-15.722071
1593,MG,Divisa Nova,-46.190385,-21.50916
1594,MG,Divisópolis,-40.99969,-15.72535
1595,MG,Dom Bosco,-46.259725,-16.651957
1596,MG,Dom Cavati,-42.112132,-19.373457
1597,MG,Dom Joaquim,-43.254382,-18.961036
1598,MG,Dom Silvério,-42.962673,-20.162726
1599,MG,Dom Viçoso,-45.164317,-22.25111
1600,MG,Dona Eusébia,-42.807048,-21.31900
1601,MG,Dores de Campos,-44.02068,-21.113944
1602,MG,Dores de Guanhães,-42.925373,-19.051607
1603,MG,Dores do Indaiá,-45.592741,-19.462789
1604,MG,Dores do Turvo,-43.18343,-20.978477
1605,MG,Doresópolis,-45.900725,-20.286828
1606,MG,Douradoquara,-47.59931,-18.433784
1607,MG,Durandé,-41.79772,-20.205817
1608,MG,Elói Mendes,-45.569064,-21.608806
1609,MG,Engenheiro Caldas,-42.050305,-19.206497
1610,MG,Engenheiro Navarro,-43.946966,-17.283128
1611,MG,Entre Folhas,-42.230555,-19.621811
1612,MG,Entre Rios de Minas,-44.065392,-20.67063
1613,MG,Ervália,-42.654422,-20.840258
1614,MG,Esmeraldas,-44.306485,-19.76402
1615,MG,Espera Feliz,-41.911927,-20.650762
1616,MG,Espinosa,-42.809015,-14.924948
1617,MG,Espírito Santo do Dourado,-45.95477,-22.045368
1618,MG,Estiva,-46.01905,-22.457694
1619,MG,Estrela Dalva,-42.45743,-21.741231
1620,MG,Estrela do Indaiá,-45.78595,-19.516888
1621,MG,Estrela do Sul,-47.695643,-18.73994
1622,MG,Eugenópolis,-42.187834,-21.100153
1623,MG,Ewbank da Câmara,-43.506803,-21.549819
1624,MG,Extrema,-46.317816,-22.853991
1625,MG,Fama,-45.828617,-21.408898
1626,MG,Faria Lemos,-42.021317,-20.809745
1628,MG,Felisburgo,-40.760502,-16.634828
1629,MG,Felixlândia,-44.900376,-18.750669
1627,MG,Felício dos Santos,-43.242206,-18.075546
1630,MG,Fernandes Tourinho,-42.080259,-19.154087
1631,MG,Ferros,-43.019232,-19.234309
1632,MG,Fervedouro,-42.278997,-20.72600
1633,MG,Florestal,-44.431758,-19.888043
1634,MG,Formiga,-45.426793,-20.461819
1635,MG,Formoso,-46.237075,-14.944633
1636,MG,Fortaleza de Minas,-46.712029,-20.850765
1637,MG,Fortuna de Minas,-44.447177,-19.557755
1638,MG,Francisco Badaró,-42.356813,-16.988284
1639,MG,Francisco Dumont,-44.23171,-17.310678
1641,MG,Francisco Sá,-43.489615,-16.482729
1640,MG,Franciscópolis,-42.009382,-17.957766
1642,MG,Frei Gaspar,-41.432522,-18.070898
1643,MG,Frei Inocêncio,-41.912087,-18.555602
1644,MG,Frei Lagonegro,-42.761711,-18.1751
1645,MG,Fronteira,-49.198423,-20.274848
1646,MG,Fronteira dos Vales,-40.922992,-16.889807
1647,MG,Fruta de Leite,-42.528772,-16.122458
1648,MG,Frutal,-48.935497,-20.025875
1649,MG,Funilândia,-44.060976,-19.36613
1650,MG,Galiléia,-41.538653,-19.000464
1651,MG,Gameleiras,-43.124982,-15.082855
1652,MG,Glaucilândia,-43.691952,-16.848056
1653,MG,Goiabeira,-41.223526,-18.980659
1654,MG,Goianá,-43.195664,-21.536045
1656,MG,Gonzaga,-42.476908,-18.819608
1655,MG,Gonçalves,-45.855566,-22.654535
1657,MG,Gouveia,-43.742294,-18.451944
1658,MG,Governador Valadares,-41.95553,-18.854452
1660,MG,Grupiara,-47.731787,-18.500302
1659,MG,Grão Mogol,-42.892306,-16.566232
1661,MG,Guanhães,-42.931231,-18.771284
1662,MG,Guapé,-45.915233,-20.763079
1663,MG,Guaraciaba,-43.009389,-20.571571
1664,MG,Guaraciama,-43.667525,-17.014173
1666,MG,Guarani,-43.032777,-21.356334
1665,MG,Guaranésia,-46.796352,-21.300921
1667,MG,Guarará,-43.033434,-21.730352
1668,MG,Guarda-Mor,-47.099756,-17.767307
1669,MG,Guaxupé,-46.708053,-21.305007
1670,MG,Guidoval,-42.788746,-21.155034
1671,MG,Guimarânia,-46.790145,-18.84246
1672,MG,Guiricema,-42.720659,-21.00985
1673,MG,Gurinhatã,-49.787631,-19.214281
1674,MG,Heliodora,-45.545325,-22.064401
1675,MG,Iapu,-42.214725,-19.438704
1676,MG,Ibertioga,-43.963896,-21.433032
1678,MG,Ibiaí,-44.904622,-16.859077
1679,MG,Ibiracatu,-44.166707,-15.660525
1680,MG,Ibiraci,-47.12215,-20.461058
1681,MG,Ibirité,-44.056882,-20.025188
1682,MG,Ibitiúra de Minas,-46.43681,-22.060402
1683,MG,Ibituruna,-44.747913,-21.15414
1677,MG,Ibiá,-46.547406,-19.474948
1684,MG,Icaraí de Minas,-44.903359,-16.213968
1685,MG,Igarapé,-44.299449,-20.070671
1686,MG,Igaratinga,-44.706324,-19.947597
1687,MG,Iguatama,-45.711114,-20.17763
1688,MG,Ijaci,-44.923265,-21.173785
1689,MG,Ilicínea,-45.830849,-20.940222
1690,MG,Imbé de Minas,-41.969455,-19.601721
1691,MG,Inconfidentes,-46.326412,-22.313561
1692,MG,Indaiabira,-42.200514,-15.491056
1693,MG,Indianópolis,-47.915457,-19.034141
1694,MG,Ingaí,-44.915158,-21.402428
1695,MG,Inhapim,-42.114721,-19.54755
1696,MG,Inhaúma,-44.393394,-19.489843
1697,MG,Inimutaba,-44.358373,-18.727128
1698,MG,Ipaba,-42.413923,-19.415819
1699,MG,Ipanema,-41.716449,-19.799152
1700,MG,Ipatinga,-42.547612,-19.470275
1701,MG,Ipiaçu,-49.943614,-18.692716
1702,MG,Ipuiúna,-46.191495,-22.101264
1703,MG,Iraí de Minas,-47.460972,-18.981948
1704,MG,Itabira,-43.23123,-19.623936
1705,MG,Itabirinha,-41.232597,-18.569104
1706,MG,Itabirito,-43.803846,-20.250132
1707,MG,Itacambira,-43.306933,-17.062469
1708,MG,Itacarambi,-44.095005,-15.089028
1709,MG,Itaguara,-44.487507,-20.394695
1710,MG,Itaipé,-41.669654,-17.401419
1711,MG,Itajubá,-45.459818,-22.422481
1712,MG,Itamarandiba,-42.85612,-17.855157
1713,MG,Itamarati de Minas,-42.812969,-21.417935
1714,MG,Itambacuri,-41.682979,-18.03496
1715,MG,Itambé do Mato Dentro,-43.31825,-19.415761
1716,MG,Itamogi,-47.045962,-21.075824
1717,MG,Itamonte,-44.868021,-22.285912
1718,MG,Itanhandu,-44.938243,-22.294191
1719,MG,Itanhomi,-41.863017,-19.173587
1720,MG,Itaobim,-41.501692,-16.55707
1721,MG,Itapagipe,-49.378137,-19.906163
1722,MG,Itapecerica,-45.126994,-20.470372
1723,MG,Itapeva,-46.224053,-22.766488
1724,MG,Itatiaiuçu,-44.421081,-20.198257
1727,MG,Itaverava,-43.614106,-20.676853
1725,MG,Itaú de Minas,-46.752512,-20.737499
1726,MG,Itaúna,-44.580112,-20.081798
1728,MG,Itinga,-41.767194,-16.609972
1729,MG,Itueta,-41.174619,-19.399935
1730,MG,Ituiutaba,-49.463945,-18.977191
1731,MG,Itumirim,-44.872364,-21.317054
1732,MG,Iturama,-50.19656,-19.727566
1733,MG,Itutinga,-44.656731,-21.300017
1734,MG,Jaboticatubas,-43.737257,-19.511938
1735,MG,Jacinto,-40.294991,-16.142756
1737,MG,Jacutinga,-46.616575,-22.28597
1736,MG,Jacuí,-46.73588,-21.013662
1738,MG,Jaguaraçu,-42.74982,-19.647001
1740,MG,Jampruca,-41.809049,-18.461016
1741,MG,Janaúba,-43.313168,-15.802228
1742,MG,Januária,-44.363889,-15.480154
1743,MG,Japaraíba,-45.50151,-20.144184
1744,MG,Japonvar,-44.275829,-15.989139
1739,MG,Jaíba,-43.668802,-15.343224
1745,MG,Jeceaba,-43.989394,-20.533852
1746,MG,Jenipapo de Minas,-42.258934,-17.083129
1747,MG,Jequeri,-42.665064,-20.454229
1748,MG,Jequitaí,-44.437588,-17.229025
1749,MG,Jequitibá,-44.0304,-19.234491
1750,MG,Jequitinhonha,-41.011717,-16.437482
1751,MG,Jesuânia,-45.291122,-21.988655
1753,MG,Joanésia,-42.677481,-19.172897
1756,MG,Joaquim Felício,-44.164274,-17.758022
1752,MG,Joaíma,-41.022873,-16.652189
1757,MG,Jordânia,-40.184051,-15.900924
1759,MG,Josenópolis,-42.515056,-16.541697
1758,MG,José Gonçalves de Minas,-42.601384,-16.905329
1760,MG,José Raydan,-42.494643,-18.219505
1754,MG,João Monlevade,-43.173463,-19.812646
1755,MG,João Pinheiro,-46.17154,-17.739768
1761,MG,Juatuba,-44.34505,-19.94484
1762,MG,Juiz de Fora,-43.339759,-21.75952
1763,MG,Juramento,-43.586457,-16.847322
1764,MG,Juruaia,-46.573541,-21.24931
1765,MG,Juvenília,-44.159656,-14.266238
1766,MG,Ladainha,-41.748824,-17.627886
1767,MG,Lagamar,-46.806343,-18.175918
1770,MG,Lagoa Dourada,-44.079717,-20.913858
1771,MG,Lagoa Formosa,-46.401236,-18.771489
1772,MG,Lagoa Grande,-46.516519,-17.832265
1773,MG,Lagoa Santa,-43.893216,-19.63967
1768,MG,Lagoa da Prata,-45.540149,-20.023728
1769,MG,Lagoa dos Patos,-44.575374,-16.977954
1774,MG,Lajinha,-41.622818,-20.153941
1775,MG,Lambari,-45.349822,-21.967088
1776,MG,Lamim,-43.470615,-20.789999
1777,MG,Laranjal,-42.473151,-21.371478
1778,MG,Lassance,-44.573491,-17.88698
1779,MG,Lavras,-45.000949,-21.248002
1780,MG,Leandro Ferreira,-45.027855,-19.719307
1781,MG,Leme do Prado,-42.69357,-17.079273
1782,MG,Leopoldina,-42.642123,-21.52963
1783,MG,Liberdade,-44.320752,-22.027491
1784,MG,Lima Duarte,-43.793412,-21.838597
1785,MG,Limeira do Oeste,-50.581489,-19.551212
1786,MG,Lontra,-44.306037,-15.901295
1787,MG,Luisburgo,-42.097642,-20.446753
1788,MG,Luislândia,-44.588579,-16.109483
1789,MG,Luminárias,-44.903384,-21.514485
1790,MG,Luz,-45.679444,-19.791085
1791,MG,Machacalis,-40.724476,-17.072273
1792,MG,Machado,-45.921855,-21.677757
1793,MG,Madre de Deus de Minas,-44.32873,-21.483017
1794,MG,Malacacheta,-42.076907,-17.845647
1795,MG,Mamonas,-42.946858,-15.047941
1796,MG,Manga,-43.939053,-14.752892
1797,MG,Manhuaçu,-42.027987,-20.257226
1798,MG,Manhumirim,-41.958933,-20.359116
1799,MG,Mantena,-40.987368,-18.776071
1801,MG,Mar de Espanha,-43.006206,-21.870728
1800,MG,Maravilhas,-44.677875,-19.507627
1802,MG,Maria da Fé,-45.377277,-22.304417
1803,MG,Mariana,-43.414034,-20.376514
1804,MG,Marilac,-42.082207,-18.507897
1806,MG,Maripá de Minas,-42.954589,-21.697919
1807,MG,Marliéria,-42.732693,-19.709601
1808,MG,Marmelópolis,-45.164541,-22.447004
1809,MG,Martinho Campos,-45.243411,-19.330573
1810,MG,Martins Soares,-41.878592,-20.254562
1811,MG,Mata Verde,-40.736559,-15.686917
1812,MG,Materlândia,-43.0579,-18.469911
1813,MG,Mateus Leme,-44.431831,-19.979424
1814,MG,Mathias Lobato,-41.916564,-18.590035
1815,MG,Matias Barbosa,-43.313475,-21.868953
1816,MG,Matias Cardoso,-43.914565,-14.856304
1817,MG,Matipó,-42.340145,-20.287264
1818,MG,Mato Verde,-42.859984,-15.394396
1819,MG,Matozinhos,-44.086786,-19.554318
1820,MG,Matutina,-45.96635,-19.217912
1821,MG,Medeiros,-46.218053,-19.98651
1822,MG,Medina,-41.472764,-16.224538
1823,MG,Mendes Pimentel,-41.405228,-18.663116
1824,MG,Mercês,-43.333662,-21.197585
1825,MG,Mesquita,-42.607877,-19.224022
1826,MG,Minas Novas,-42.588435,-17.215603
1827,MG,Minduri,-44.605096,-21.679714
1828,MG,Mirabela,-44.160208,-16.256022
1829,MG,Miradouro,-42.345837,-20.889946
1831,MG,Miravânia,-44.409243,-14.734772
1830,MG,Miraí,-42.612209,-21.20214
1832,MG,Moeda,-44.050947,-20.339868
1833,MG,Moema,-45.412687,-19.838731
1834,MG,Monjolos,-44.117976,-18.324472
1835,MG,Monsenhor Paulo,-45.539055,-21.757885
1836,MG,Montalvânia,-44.371881,-14.419689
1837,MG,Monte Alegre de Minas,-48.881023,-18.869048
1838,MG,Monte Azul,-42.871768,-15.151362
1839,MG,Monte Belo,-46.363462,-21.327084
1840,MG,Monte Carmelo,-47.491228,-18.730245
1841,MG,Monte Formoso,-41.247306,-16.869145
1842,MG,Monte Santo de Minas,-46.975314,-21.18731
1844,MG,Monte Sião,-46.57298,-22.433538
1843,MG,Montes Claros,-43.857809,-16.728177
1845,MG,Montezuma,-42.494074,-15.170233
1846,MG,Morada Nova de Minas,-45.358403,-18.599774
1847,MG,Morro da Garça,-44.601043,-18.53559
1848,MG,Morro do Pilar,-43.379465,-19.223625
1849,MG,Munhoz,-46.36197,-22.609172
1850,MG,Muriaé,-42.369304,-21.129965
1851,MG,Mutum,-41.440689,-19.812099
1852,MG,Muzambinho,-46.5213,-21.369155
1805,MG,Mário Campos,-44.188324,-20.058155
1853,MG,Nacip Raydan,-42.248121,-18.454436
1854,MG,Nanuque,-40.353287,-17.848111
1855,MG,Naque,-42.33119,-19.229132
1856,MG,Natalândia,-46.487365,-16.50215
1857,MG,Natércia,-45.512284,-22.115754
1858,MG,Nazareno,-44.6138,-21.216779
1859,MG,Nepomuceno,-45.234956,-21.232415
1860,MG,Ninheira,-41.756367,-15.314771
1861,MG,Nova Belém,-41.11067,-18.492517
1862,MG,Nova Era,-43.033267,-19.757738
1863,MG,Nova Lima,-43.850854,-19.975763
1864,MG,Nova Módica,-41.498365,-18.441693
1865,MG,Nova Ponte,-47.677947,-19.146096
1866,MG,Nova Porteirinha,-43.294148,-15.799291
1867,MG,Nova Resende,-46.415732,-21.128612
1868,MG,Nova Serrana,-44.984661,-19.871299
1869,MG,Nova União,-43.583048,-19.687584
1870,MG,Novo Cruzeiro,-41.882633,-17.465438
1871,MG,Novo Oriente de Minas,-41.219361,-17.408932
1872,MG,Novorizonte,-42.404433,-16.016214
1873,MG,Olaria,-43.935558,-21.859789
1874,MG,Olhos-d`Água,-43.570453,-17.395912
1876,MG,Oliveira,-44.829037,-20.698218
1877,MG,Oliveira Fortes,-43.449893,-21.340054
1875,MG,Olímpio Noronha,-45.265726,-22.068548
1878,MG,Onça de Pitangui,-44.805771,-19.727551
1879,MG,Oratórios,-42.797698,-20.429758
1880,MG,Orizânia,-42.199124,-20.514162
1881,MG,Ouro Branco,-43.696217,-20.52629
1882,MG,Ouro Fino,-46.371599,-22.277868
1883,MG,Ouro Preto,-43.512045,-20.37957
1884,MG,Ouro Verde de Minas,-41.273412,-18.071923
1885,MG,Padre Carvalho,-42.508759,-16.364644
1886,MG,Padre Paraíso,-41.482053,-17.075789
1889,MG,Pai Pedro,-43.070006,-15.527099
1887,MG,Paineiras,-45.532064,-18.899345
1888,MG,Pains,-45.662685,-20.370467
1890,MG,Paiva,-43.408756,-21.291287
1891,MG,Palma,-42.312285,-21.374776
1892,MG,Palmópolis,-40.429609,-16.736375
1893,MG,Papagaios,-44.746799,-19.441922
1894,MG,Paracatu,-46.871064,-17.225166
1896,MG,Paraguaçu,-45.737419,-21.546507
1897,MG,Paraisópolis,-45.780295,-22.553912
1898,MG,Paraopeba,-44.404367,-19.273192
1895,MG,Pará de Minas,-44.611355,-19.853441
1900,MG,Passa Quatro,-44.970926,-22.387076
1901,MG,Passa Tempo,-44.492635,-20.653918
1902,MG,Passa-Vinte,-44.23657,-22.206583
1899,MG,Passabém,-43.138332,-19.350917
1903,MG,Passos,-46.609008,-20.719271
1904,MG,Patis,-44.078685,-16.077253
1905,MG,Patos de Minas,-46.501268,-18.569938
1906,MG,Patrocínio,-46.993419,-18.937867
1907,MG,Patrocínio do Muriaé,-42.212491,-21.154387
1908,MG,Paula Cândido,-42.975184,-20.875372
1909,MG,Paulistas,-42.8628,-18.427631
1910,MG,Pavão,-41.003471,-17.426703
1912,MG,Pedra Azul,-41.290948,-16.008648
1913,MG,Pedra Bonita,-42.330439,-20.521879
1916,MG,Pedra Dourada,-42.151502,-20.826627
1914,MG,Pedra do Anta,-42.712291,-20.596784
1915,MG,Pedra do Indaiá,-45.210653,-20.256346
1917,MG,Pedralva,-45.465386,-22.238645
1918,MG,Pedras de Maria da Cruz,-44.391046,-15.603244
1919,MG,Pedrinópolis,-47.457888,-19.224098
1920,MG,Pedro Leopoldo,-44.038258,-19.630811
1921,MG,Pedro Teixeira,-43.742949,-21.70763
1922,MG,Pequeri,-43.114487,-21.834113
1923,MG,Pequi,-44.660434,-19.628365
1924,MG,Perdigão,-45.077988,-19.941058
1925,MG,Perdizes,-47.296299,-19.343379
1926,MG,Perdões,-45.089582,-21.093225
1927,MG,Periquito,-42.233341,-19.157331
1928,MG,Pescador,-41.600578,-18.356962
1911,MG,Peçanha,-42.558276,-18.544079
1929,MG,Piau,-43.312992,-21.509645
1930,MG,Piedade de Caratinga,-42.075557,-19.759282
1931,MG,Piedade de Ponte Nova,-42.737872,-20.243848
1932,MG,Piedade do Rio Grande,-44.193834,-21.469021
1933,MG,Piedade dos Gerais,-44.224335,-20.471513
1934,MG,Pimenta,-45.804877,-20.482722
1935,MG,Pingo-d`Água,-42.407788,-19.727339
1936,MG,Pintópolis,-45.14017,-16.057205
1937,MG,Piracema,-44.478323,-20.508866
1938,MG,Pirajuba,-48.70269,-19.909206
1939,MG,Piranga,-43.296701,-20.683407
1941,MG,Piranguinho,-45.532405,-22.394961
1940,MG,Piranguçu,-45.494528,-22.524932
1942,MG,Pirapetinga,-42.34339,-21.655434
1943,MG,Pirapora,-44.934009,-17.33917
1944,MG,Piraúba,-43.017218,-21.282492
1945,MG,Pitangui,-44.896362,-19.674112
1946,MG,Piumhi,-45.95891,-20.47623
1947,MG,Planura,-48.700001,-20.137601
1950,MG,Pocrane,-41.633425,-19.620795
1951,MG,Pompéu,-45.014107,-19.22566
1952,MG,Ponte Nova,-42.897819,-20.4111
1953,MG,Ponto Chique,-45.05877,-16.628233
1954,MG,Ponto dos Volantes,-41.502477,-16.747314
1955,MG,Porteirinha,-43.02809,-15.74042
1956,MG,Porto Firme,-43.08341,-20.664191
1957,MG,Poté,-41.786044,-17.807698
1958,MG,Pouso Alegre,-45.938935,-22.22659
1959,MG,Pouso Alto,-44.974813,-22.19637
1948,MG,Poço Fundo,-45.96575,-21.780002
1949,MG,Poços de Caldas,-46.569184,-21.779975
1960,MG,Prados,-44.077798,-21.059748
1961,MG,Prata,-48.927625,-19.308607
1963,MG,Pratinha,-46.375537,-19.738975
1962,MG,Pratápolis,-46.862402,-20.74105
1964,MG,Presidente Bernardes,-43.189532,-20.76557
1965,MG,Presidente Juscelino,-44.060032,-18.640106
1966,MG,Presidente Kubitschek,-43.562774,-18.619252
1967,MG,Presidente Olegário,-46.416502,-18.40961
1968,MG,Prudente de Morais,-44.159074,-19.474213
1969,MG,Quartel Geral,-45.556915,-19.270328
1970,MG,Queluzito,-43.885084,-20.741562
1971,MG,Raposos,-43.807941,-19.96358
1972,MG,Raul Soares,-42.450197,-20.10611
1973,MG,Recreio,-42.4676,-21.528893
1974,MG,Reduto,-41.984835,-20.240089
1975,MG,Resende Costa,-44.24071,-20.917072
1976,MG,Resplendor,-41.246214,-19.319437
1977,MG,Ressaquinha,-43.75983,-21.06419
1978,MG,Riachinho,-45.988755,-16.225802
1979,MG,Riacho dos Machados,-43.048796,-16.009131
1981,MG,Ribeirão Vermelho,-45.06368,-21.187861
1980,MG,Ribeirão das Neves,-44.08445,-19.762076
1982,MG,Rio Acima,-43.787786,-20.087553
1983,MG,Rio Casca,-42.646209,-20.228542
1984,MG,Rio Doce,-42.899497,-20.241171
1986,MG,Rio Espera,-43.472076,-20.855001
1987,MG,Rio Manso,-44.306867,-20.26657
1988,MG,Rio Novo,-43.116805,-21.464899
1989,MG,Rio Paranaíba,-46.245482,-19.186138
1990,MG,Rio Pardo de Minas,-42.5405,-15.616028
1991,MG,Rio Piracicaba,-43.182919,-19.92836
1992,MG,Rio Pomba,-43.169625,-21.271152
1993,MG,Rio Preto,-43.829325,-22.086092
1994,MG,Rio Vermelho,-43.001783,-18.292155
1985,MG,Rio do Prado,-40.571371,-16.605648
1995,MG,Ritápolis,-44.320435,-21.027564
1996,MG,Rochedo de Minas,-43.016547,-21.628397
1997,MG,Rodeiro,-42.858622,-21.203467
1998,MG,Romaria,-47.578221,-18.883807
1999,MG,Rosário da Limeira,-42.511196,-20.981227
2000,MG,Rubelita,-42.261042,-16.40527
2001,MG,Rubim,-40.539714,-16.377494
2002,MG,Sabará,-43.82631,-19.884045
2003,MG,Sabinópolis,-43.075243,-18.665326
2004,MG,Sacramento,-47.450823,-19.862172
2005,MG,Salinas,-42.296406,-16.175265
2006,MG,Salto da Divisa,-39.939088,-16.006327
2007,MG,Santa Bárbara,-43.410145,-19.960358
2008,MG,Santa Bárbara do Leste,-42.145746,-19.975295
2009,MG,Santa Bárbara do Monte Verde,-43.702727,-21.959179
2010,MG,Santa Bárbara do Tugúrio,-43.560746,-21.243118
2011,MG,Santa Cruz de Minas,-44.220251,-21.124148
2012,MG,Santa Cruz de Salinas,-41.741767,-16.096717
2013,MG,Santa Cruz do Escalvado,-42.816886,-20.237238
2014,MG,Santa Efigênia de Minas,-42.438832,-18.823464
2015,MG,Santa Fé de Minas,-45.410207,-16.685947
2016,MG,Santa Helena de Minas,-40.67272,-16.970719
2017,MG,Santa Juliana,-47.532251,-19.310772
2018,MG,Santa Luzia,-43.849658,-19.754824
2019,MG,Santa Margarida,-42.251914,-20.383855
2020,MG,Santa Maria de Itabira,-43.106446,-19.4431
2021,MG,Santa Maria do Salto,-40.151164,-16.247895
2022,MG,Santa Maria do Suaçuí,-42.413899,-18.189581
2033,MG,Santa Rita de Caldas,-46.338501,-22.029192
2034,MG,Santa Rita de Ibitipoca,-43.916278,-21.565827
2035,MG,Santa Rita de Jacutinga,-44.0977,-22.147386
2036,MG,Santa Rita de Minas,-42.136277,-19.876046
2037,MG,Santa Rita do Itueto,-41.382084,-19.357649
2038,MG,Santa Rita do Sapucaí,-45.703405,-22.246141
2039,MG,Santa Rosa da Serra,-45.961081,-19.51861
2040,MG,Santa Vitória,-50.120759,-18.841398
2023,MG,Santana da Vargem,-45.500526,-21.244903
2024,MG,Santana de Cataguases,-42.552357,-21.289277
2025,MG,Santana de Pirapama,-44.040913,-18.996242
2026,MG,Santana do Deserto,-43.158323,-21.951208
2027,MG,Santana do Garambéu,-44.105044,-21.598344
2028,MG,Santana do Jacaré,-45.128506,-20.900714
2029,MG,Santana do Manhuaçu,-41.927839,-20.103106
2030,MG,Santana do Paraíso,-42.544573,-19.36607
2031,MG,Santana do Riacho,-43.72195,-19.166236
2032,MG,Santana dos Montes,-43.694885,-20.786799
2041,MG,Santo Antônio do Amparo,-44.917608,-20.943044
2042,MG,Santo Antônio do Aventureiro,-42.811457,-21.760572
2043,MG,Santo Antônio do Grama,-42.604689,-20.318471
2044,MG,Santo Antônio do Itambé,-43.300569,-18.460947
2045,MG,Santo Antônio do Jacinto,-40.181741,-16.533206
2046,MG,Santo Antônio do Monte,-45.294724,-20.085003
2047,MG,Santo Antônio do Retiro,-42.617092,-15.339271
2048,MG,Santo Antônio do Rio Abaixo,-43.260414,-19.237366
2049,MG,Santo Hipólito,-44.222857,-18.296768
2050,MG,Santos Dumont,-43.549876,-21.463377
2111,MG,Sapucaí-Mirim,-45.737958,-22.740899
2112,MG,Sardoá,-42.362938,-18.782799
2113,MG,Sarzedo,-44.1446,-20.036667
2114,MG,Sem-Peixe,-42.848331,-20.100845
2115,MG,Senador Amaral,-46.176329,-22.586897
2116,MG,Senador Cortes,-42.942375,-21.798562
2117,MG,Senador Firmino,-43.090431,-20.915762
2118,MG,Senador José Bento,-46.179226,-22.163327
2119,MG,Senador Modestino Gonçalves,-43.21717,-17.94652
2120,MG,Senhora de Oliveira,-43.339432,-20.797221
2121,MG,Senhora do Porto,-43.079875,-18.890894
2122,MG,Senhora dos Remédios,-43.581213,-21.03508
2123,MG,Sericita,-42.482776,-20.47484
2124,MG,Seritinga,-44.517965,-21.913367
2125,MG,Serra Azul de Minas,-43.16746,-18.360154
2126,MG,Serra da Saudade,-45.794976,-19.444669
2128,MG,Serra do Salitre,-46.696053,-19.108334
2127,MG,Serra dos Aimorés,-40.245252,-17.787172
2129,MG,Serrania,-46.041701,-21.544145
2131,MG,Serranos,-44.512487,-21.88573
2130,MG,Serranópolis de Minas,-42.873156,-15.817567
2132,MG,Serro,-43.374399,-18.599103
2133,MG,Sete Lagoas,-44.241255,-19.456902
2134,MG,Setubinha,-42.158669,-17.600202
2135,MG,Silveirânia,-43.212843,-21.16148
2136,MG,Silvianópolis,-45.838517,-22.02741
2138,MG,Simonésia,-42.009052,-20.134097
2137,MG,Simão Pereira,-43.308794,-21.96396
2139,MG,Sobrália,-42.099806,-19.234465
2140,MG,Soledade de Minas,-45.046417,-22.055432
2051,MG,São Bento Abade,-45.069931,-21.583927
2052,MG,São Brás do Suaçuí,-43.951465,-20.624166
2053,MG,São Domingos das Dores,-42.010638,-19.524595
2054,MG,São Domingos do Prata,-42.971031,-19.867822
2056,MG,São Francisco,-44.859284,-15.951449
2057,MG,São Francisco de Paula,-44.983763,-20.703625
2058,MG,São Francisco de Sales,-49.772693,-19.861122
2059,MG,São Francisco do Glória,-42.267275,-20.792297
2055,MG,São Félix de Minas,-41.488861,-18.595902
2060,MG,São Geraldo,-42.836358,-20.925231
2061,MG,São Geraldo da Piedade,-42.286665,-18.841119
2062,MG,São Geraldo do Baixio,-41.362964,-18.909668
2063,MG,São Gonçalo do Abaeté,-45.826475,-18.33147
2064,MG,São Gonçalo do Pará,-44.85931,-19.982173
2065,MG,São Gonçalo do Rio Abaixo,-43.365987,-19.8221
2066,MG,São Gonçalo do Rio Preto,-43.385389,-18.002549
2067,MG,São Gonçalo do Sapucaí,-45.589344,-21.893223
2068,MG,São Gotardo,-46.046475,-19.308727
2082,MG,São Joaquim de Bicas,-44.274949,-20.047971
2083,MG,São José da Barra,-46.312968,-20.717808
2084,MG,São José da Lapa,-43.958637,-19.697106
2085,MG,São José da Safira,-42.143061,-18.324266
2086,MG,São José da Varginha,-44.55596,-19.700566
2087,MG,São José do Alegre,-45.525837,-22.324269
2088,MG,São José do Divino,-41.390671,-18.479304
2089,MG,São José do Goiabal,-42.70355,-19.921431
2090,MG,São José do Jacuri,-42.67293,-18.281037
2091,MG,São José do Mantimento,-41.748591,-20.005756
2069,MG,São João Batista do Glória,-46.507966,-20.634996
2080,MG,São João Evangelista,-42.765504,-18.548001
2081,MG,São João Nepomuceno,-43.006876,-21.538133
2070,MG,São João da Lagoa,-44.350726,-16.845535
2071,MG,São João da Mata,-45.929727,-21.927998
2072,MG,São João da Ponte,-44.009612,-15.927088
2073,MG,São João das Missões,-44.092201,-14.885852
2074,MG,São João del Rei,-44.252646,-21.131054
2075,MG,São João do Manhuaçu,-42.153283,-20.393315
2076,MG,São João do Manteninha,-41.162837,-18.722988
2077,MG,São João do Oriente,-42.157502,-19.338445
2078,MG,São João do Pacuí,-44.513355,-16.537314
2079,MG,São João do Paraíso,-42.021342,-15.316799
2092,MG,São Lourenço,-45.050597,-22.116588
2093,MG,São Miguel do Anta,-42.717389,-20.706665
2094,MG,São Pedro da União,-46.6123,-21.130975
2096,MG,São Pedro do Suaçuí,-42.598137,-18.360926
2095,MG,São Pedro dos Ferros,-42.525086,-20.173228
2097,MG,São Romão,-45.07489,-16.364118
2098,MG,São Roque de Minas,-46.363873,-20.249014
2099,MG,São Sebastião da Bela Vista,-45.754639,-22.158327
2100,MG,São Sebastião da Vargem Alegre,-42.634672,-21.073656
2101,MG,São Sebastião do Anta,-41.985034,-19.506407
2102,MG,São Sebastião do Maranhão,-42.565853,-18.087252
2103,MG,São Sebastião do Oeste,-45.006332,-20.275843
2104,MG,São Sebastião do Paraíso,-46.983703,-20.916734
2105,MG,São Sebastião do Rio Preto,-43.17567,-19.295906
2106,MG,São Sebastião do Rio Verde,-44.976116,-22.218293
2107,MG,São Thomé das Letras,-44.98483,-21.725804
2108,MG,São Tiago,-44.509837,-20.907471
2109,MG,São Tomás de Aquino,-47.096195,-20.779063
2110,MG,São Vicente de Minas,-44.443064,-21.704217
2141,MG,Tabuleiro,-43.238055,-21.363248
2142,MG,Taiobeiras,-42.225944,-15.810619
2143,MG,Taparuba,-41.607981,-19.762079
2144,MG,Tapira,-46.826397,-19.916619
2145,MG,Tapiraí,-46.022072,-19.893587
2146,MG,Taquaraçu de Minas,-43.692226,-19.665186
2147,MG,Tarumirim,-42.009699,-19.283475
2148,MG,Teixeiras,-42.856395,-20.656083
2149,MG,Teófilo Otoni,-41.508717,-17.859534
2150,MG,Timóteo,-42.64713,-19.581086
2151,MG,Tiradentes,-44.174421,-21.110232
2152,MG,Tiros,-45.962648,-19.00373
2153,MG,Tocantins,-43.012702,-21.177411
2154,MG,Tocos do Moji,-46.097067,-22.369797
2155,MG,Toledo,-46.372772,-22.742133
2156,MG,Tombos,-42.022774,-20.908628
2157,MG,Três Corações,-45.251117,-21.692091
2158,MG,Três Marias,-45.247289,-18.204795
2159,MG,Três Pontas,-45.510886,-21.36944
2160,MG,Tumiritinga,-41.652674,-18.984446
2161,MG,Tupaciguara,-48.69854,-18.586591
2162,MG,Turmalina,-42.728476,-17.282825
2163,MG,Turvolândia,-45.785948,-21.873342
2166,MG,Ubaporanga,-42.105925,-19.635051
2165,MG,Ubaí,-44.778251,-16.288505
2167,MG,Uberaba,-47.938073,-19.747205
2168,MG,Uberlândia,-48.274934,-18.914142
2164,MG,Ubá,-42.935931,-21.120444
2169,MG,Umburatiba,-40.577937,-17.254804
2170,MG,Unaí,-46.902157,-16.359212
2171,MG,União de Minas,-50.338019,-19.529861
2172,MG,Uruana de Minas,-46.244306,-16.063384
2174,MG,Urucuia,-45.735199,-16.124412
2173,MG,Urucânia,-42.736989,-20.352088
2175,MG,Vargem Alegre,-42.294927,-19.598762
2176,MG,Vargem Bonita,-46.368824,-20.333265
2177,MG,Vargem Grande do Rio Pardo,-42.308507,-15.398737
2178,MG,Varginha,-45.436424,-21.555581
2179,MG,Varjão de Minas,-46.031318,-18.374102
2181,MG,Varzelândia,-44.027839,-15.699154
2182,MG,Vazante,-46.908826,-17.982732
2183,MG,Verdelândia,-43.612137,-15.584522
2184,MG,Veredinha,-42.730697,-17.397384
2186,MG,Vermelho Novo,-42.268797,-20.040618
2185,MG,Veríssimo,-48.311845,-19.66574
2187,MG,Vespasiano,-43.9239,-19.688326
2189,MG,Vieiras,-42.240051,-20.8670
2190,MG,Virgem da Lapa,-42.343071,-16.807011
2192,MG,Virginópolis,-42.701492,-18.815409
2193,MG,Virgolândia,-42.306707,-18.473842
2191,MG,Virgínia,-45.096463,-22.326424
2194,MG,Visconde do Rio Branco,-42.836129,-21.012725
2188,MG,Viçosa,-42.87417,-20.755916
2195,MG,Volta Grande,-42.537501,-21.767086
2180,MG,Várzea da Palma,-44.722557,-17.594444
2196,MG,Wenceslau Braz,-45.362636,-22.536836
1349,MG,Água Boa,-42.380648,-17.991373
1350,MG,Água Comprida,-48.106879,-20.05757
1352,MG,Águas Formosas,-40.938355,-17.08021
1353,MG,Águas Vermelhas,-41.457127,-15.743057
